HSART-07-090-BLDG CIRC UG,90720687,assign,2019-12-22,2019-12-23
HSART-07-090-BLDG CIRC UG,99820423,assign,2019-12-22,2019-12-23
HSART-07-090-BLDG CIRC UG,73208912,assign,2019-12-22,2019-12-23
HSART-07-090-BLDG CIRC UG,02851103,assign,2019-12-22,2019-12-23
HSART-07-090-BLDG CIRC UG,56869514,assign,2019-12-22,2019-12-23
HSART-07-090-BLDG CIRC UG,33777492,assign,2019-12-22,2019-12-23
HSART-07-090-BLDG CIRC UG,28375772,assign,2019-12-22,2019-12-23
HSART-07-090-BLDG CIRC UG,31863722,assign,2019-12-22,2019-12-23
HSART-07-090-BLDG CIRC UG,30519342,assign,2019-12-22,2019-12-23
HSART-07-090-BLDG CIRC UG,02614442,assign,2019-12-22,2019-12-23
HSART-07-090-BLDG CIRC UG,09907481,assign,2019-12-22,2019-12-23
HSART-07-090-BLDG CIRC UG,48087221,assign,2019-12-22,2019-12-23
HSART-07-090-BLDG CIRC UG,10706195,assign,2019-12-22,2019-12-23
HSART-07-090-BLDG CIRC UG,16831867,assign,2019-12-22,2019-12-23
HSART-07-090-BLDG CIRC UG,36880968,assign,2019-12-22,2019-12-23
HSART-07-090-BLDG CIRC UG,37832034,assign,2019-12-22,2019-12-23
HSART-07-090-BLDG CIRC UG,75555700,assign,2019-12-22,2019-12-23
HSART-07-090-BLDG CIRC UG,54302878,assign,2019-12-22,2019-12-23
HSART-07-090-BLDG CIRC UG,80969485,assign,2019-12-22,2019-12-23
HSART-07-090-BLDG CIRC UG,07863067,assign,2019-12-22,2019-12-23
HSART-07-090-BLDG CIRC UG,52537264,assign,2019-12-22,2019-12-23
HSART-07-090-BLDG CIRC UG,63625088,assign,2019-12-22,2019-12-23
HSART-07-090-BLDG CIRC UG,22329878,assign,2019-12-22,2019-12-23
HSART-07-090-BLDG CIRC UG,42753702,assign,2019-12-22,2019-12-23
HSART-07-090-BLDG CIRC UG,98919510,assign,2019-12-22,2019-12-23
HSART-07-090-BLDG CIRC UG,17876218,assign,2019-12-22,2019-12-23
HSART-07-090-BLDG CIRC UG,01971717,assign,2019-12-22,2019-12-23
HSART-07-090-BLDG CIRC UG,63428267,assign,2019-12-22,2019-12-23
HSART-07-090-BLDG CIRC UG,82642869,assign,2019-12-22,2019-12-23
HSART-07-090-BLDG CIRC UG,77017955,assign,2019-12-22,2019-12-23
HSART-07-090-BLDG CIRC UG,02293631,assign,2019-12-22,2019-12-23
HSART-07-090-BLDG CIRC UG,85681834,assign,2019-12-22,2019-12-23
HSART-07-090-BLDG CIRC UG,16780875,assign,2019-12-22,2019-12-23
HSART-07-090-BLDG CIRC UG,46479482,assign,2019-12-22,2019-12-23
HSART-07-090-BLDG CIRC UG,11563298,assign,2019-12-22,2019-12-23
HSART-07-090-BLDG CIRC UG,44811722,assign,2019-12-22,2019-12-23
HSART-07-090-BLDG CIRC UG,12603912,assign,2019-12-22,2019-12-23
HSART-07-090-BLDG CIRC UG,56859055,assign,2019-12-22,2019-12-23
HSART-07-090-BLDG CIRC UG,71949108,assign,2019-12-22,2019-12-23
HSART-07-090-BLDG CIRC UG,35099433,assign,2019-12-22,2019-12-23
HSART-07-090-BLDG CIRC UG,79336919,assign,2019-12-22,2019-12-23
HSART-07-090-BLDG CIRC UG,64764760,assign,2019-12-22,2019-12-23
HSART-07-090-BLDG CIRC UG,68318758,assign,2019-12-22,2019-12-23
HSART-07-090-BLDG CIRC UG,50139745,assign,2019-12-22,2019-12-23
HSART-07-090-BLDG CIRC UG,35571006,assign,2019-12-22,2019-12-23
HSART-07-090-BLDG CIRC UG,71117092,assign,2019-12-22,2019-12-23
HSART-07-090-BLDG CIRC UG,68515334,assign,2019-12-22,2019-12-23
HSART-07-090-BLDG CIRC UG,65146321,assign,2019-12-22,2019-12-23
HSART-07-090-BLDG CIRC UG,05496219,assign,2019-12-22,2019-12-23
HSART-07-090-BLDG CIRC UG,18640813,assign,2019-12-22,2019-12-23
HSART-07-090-BLDG CIRC UG,08727438,assign,2019-12-22,2019-12-23
HSART-07-090-BLDG CIRC UG,24191684,assign,2019-12-22,2019-12-23
HSART-07-090-BLDG CIRC UG,42503600,assign,2019-12-22,2019-12-23
HSART-07-090-BLDG CIRC UG,62703239,assign,2019-12-22,2019-12-23
HSART-07-090-BLDG CIRC UG,28704360,assign,2019-12-22,2019-12-23
HSART-07-090-BLDG CIRC UG,46975963,assign,2019-12-22,2019-12-23
HSART-07-090-BLDG CIRC UG,84458299,assign,2019-12-22,2019-12-23
HSART-07-090-BLDG CIRC UG,54746331,assign,2019-12-22,2019-12-23
HSART-07-090-BLDG CIRC UG,43601184,assign,2019-12-22,2019-12-23
HSART-07-090-BLDG CIRC UG,63465010,assign,2019-12-22,2019-12-23
HSART-07-090-BLDG CIRC UG,25787893,assign,2019-12-22,2019-12-23
HSART-07-090-BLDG CIRC UG,76876394,assign,2019-12-22,2019-12-23
HSART-07-090-BLDG CIRC UG,99426025,assign,2019-12-22,2019-12-23
HSART-07-090-BLDG CIRC UG,42350155,assign,2019-12-22,2019-12-23
HSART-07-090-BLDG CIRC UG,57382603,assign,2019-12-22,2019-12-23
HSART-07-090-BLDG CIRC UG,60431236,assign,2019-12-22,2019-12-23
HSART-07-090-BLDG CIRC UG,18718243,assign,2019-12-22,2019-12-23
HSART-07-090-BLDG CIRC UG,96136823,assign,2019-12-22,2019-12-23
HSART-07-090-BLDG CIRC UG,91784023,assign,2019-12-22,2019-12-23
HSART-07-090-BLDG CIRC UG,22582804,assign,2019-12-22,2019-12-23
HSART-07-090-BLDG CIRC UG,37950193,assign,2019-12-22,2019-12-23
HSART-07-090-BLDG CIRC UG,98867370,assign,2019-12-22,2019-12-23
HSART-07-090-BLDG CIRC UG,09450969,assign,2019-12-22,2019-12-23
HSART-07-090-BLDG CIRC UG,04992096,assign,2019-12-22,2019-12-23
HSART-07-090-BLDG CIRC UG,97545813,assign,2019-12-22,2019-12-23
HSART-07-090-BLDG CIRC UG,81524839,assign,2019-12-22,2019-12-23
HSART-07-090-BLDG CIRC UG,76935287,assign,2019-12-22,2019-12-23
HSART-07-090-BLDG CIRC UG,65351729,assign,2019-12-22,2019-12-23
HSART-07-090-BLDG CIRC UG,08093839,assign,2019-12-22,2019-12-23
HSART-07-090-BLDG CIRC UG,47291144,assign,2019-12-22,2019-12-23
HSART-07-090-BLDG CIRC UG,90312169,assign,2019-12-22,2019-12-23
HSART-07-090-BLDG CIRC UG,52115210,assign,2019-12-22,2019-12-23
HSART-07-090-BLDG CIRC UG,30102120,assign,2019-12-22,2019-12-23
HSART-07-090-BLDG CIRC UG,75894028,assign,2019-12-22,2019-12-23
HSART-07-090-BLDG CIRC UG,71504593,assign,2019-12-22,2019-12-23
HSART-07-090-BLDG CIRC UG,50895097,assign,2019-12-22,2019-12-23
HSART-07-090-BLDG CIRC UG,11895063,assign,2019-12-22,2019-12-23
HSART-07-090-BLDG CIRC UG,95934276,assign,2019-12-22,2019-12-23
HSART-07-090-BLDG CIRC UG,99714636,assign,2019-12-22,2019-12-23
HSART-07-090-BLDG CIRC UG,80104088,assign,2019-12-22,2019-12-23
HSART-07-090-BLDG CIRC UG,04041306,assign,2019-12-22,2019-12-23
HSART-07-090-BLDG CIRC UG,66422333,assign,2019-12-22,2019-12-23
HSART-07-090-BLDG CIRC UG,02891082,assign,2019-12-22,2019-12-23
HSART-07-090-BLDG CIRC UG,37226348,assign,2019-12-22,2019-12-23
HSART-07-090-BLDG CIRC UG,12918506,assign,2019-12-22,2019-12-23
HSART-07-090-BLDG CIRC UG,08820165,assign,2019-12-22,2019-12-23
HSART-07-090-BLDG CIRC UG,34754841,assign,2019-12-22,2019-12-23
HSART-07-090-BLDG CIRC UG,43346955,assign,2019-12-22,2019-12-23
HSART-07-090-BLDG CIRC UG,70871860,assign,2019-12-22,2019-12-23
HSART-07-090-BLDG CIRC UG,63823007,assign,2019-12-22,2019-12-23
HSART-07-090-BLDG CIRC UG,29443284,assign,2019-12-22,2019-12-23
HSART-07-090-BLDG CIRC UG,69662368,assign,2019-12-22,2019-12-23
HSART-07-090-BLDG CIRC UG,32901099,assign,2019-12-22,2019-12-23
HSART-07-090-BLDG CIRC UG,72169254,assign,2019-12-22,2019-12-23
HSART-07-090-BLDG CIRC UG,42759327,assign,2019-12-22,2019-12-23
HSART-07-090-BLDG CIRC UG,42797129,assign,2019-12-22,2019-12-23
HSART-07-090-BLDG CIRC UG,25801994,assign,2019-12-22,2019-12-23
HSART-07-090-BLDG CIRC UG,28359282,assign,2019-12-22,2019-12-23
HSART-07-090-BLDG CIRC UG,57756916,assign,2019-12-22,2019-12-23
HSART-07-090-BLDG CIRC UG,32222337,assign,2019-12-22,2019-12-23
HSART-07-090-BLDG CIRC UG,71828322,assign,2019-12-22,2019-12-23
HSART-07-090-BLDG CIRC UG,78867888,assign,2019-12-22,2019-12-23
HSART-07-090-BLDG CIRC UG,82040496,assign,2019-12-22,2019-12-23
HSART-07-090-BLDG CIRC UG,56429506,assign,2019-12-22,2019-12-23
HSART-07-090-BLDG CIRC UG,74753025,assign,2019-12-22,2019-12-23
HSART-07-090-BLDG CIRC UG,51097847,assign,2019-12-22,2019-12-23
HSART-07-090-BLDG CIRC UG,14575459,assign,2019-12-22,2019-12-23
HSART-07-090-BLDG CIRC UG,43620240,assign,2019-12-22,2019-12-23
HSART-07-090-BLDG CIRC UG,44099019,assign,2019-12-22,2019-12-23
HSART-07-090-BLDG CIRC UG,30970251,assign,2019-12-22,2019-12-23
HSART-07-090-BLDG CIRC UG,29638293,assign,2019-12-22,2019-12-23
HSART-07-090-BLDG CIRC UG,63182162,assign,2019-12-22,2019-12-23
HSART-07-090-BLDG CIRC UG,85847167,assign,2019-12-22,2019-12-23
HSART-07-090-BLDG CIRC UG,67627315,assign,2019-12-22,2019-12-23
HSART-07-090-BLDG CIRC UG,58978064,assign,2019-12-22,2019-12-23
HSART-07-090-BLDG CIRC UG,35119472,assign,2019-12-22,2019-12-23
HSART-07-090-BLDG CIRC UG,22547400,assign,2019-12-22,2019-12-23
HSART-07-090-BLDG CIRC UG,81959150,assign,2019-12-22,2019-12-23
HSART-07-090-BLDG CIRC UG,10392618,assign,2019-12-22,2019-12-23
HSART-07-090-BLDG CIRC UG,27926874,assign,2019-12-22,2019-12-23
HSART-07-090-BLDG CIRC UG,72471774,assign,2019-12-22,2019-12-23
HSART-07-090-BLDG CIRC UG,83591472,assign,2019-12-22,2019-12-23
HSART-07-090-BLDG CIRC UG,64175191,assign,2019-12-22,2019-12-23
HSART-07-090-BLDG CIRC UG,44585623,assign,2019-12-22,2019-12-23
HSART-07-090-BLDG CIRC UG,80635328,assign,2019-12-22,2019-12-23
HSART-07-090-BLDG CIRC UG,80076693,assign,2019-12-22,2019-12-23
HSART-07-090-BLDG CIRC UG,58050632,assign,2019-12-22,2019-12-23
HSART-07-090-BLDG CIRC UG,66572836,assign,2019-12-22,2019-12-23
HSART-07-090-BLDG CIRC UG,77638801,assign,2019-12-22,2019-12-23
HSART-07-090-BLDG CIRC UG,72974605,assign,2019-12-22,2019-12-23
HSART-07-090-BLDG CIRC UG,47775419,assign,2019-12-22,2019-12-23
HSART-07-090-BLDG CIRC UG,93672385,assign,2019-12-22,2019-12-23
HSART-07-090-BLDG CIRC UG,20833477,assign,2019-12-22,2019-12-23
HSART-07-090-BLDG CIRC UG,45270862,assign,2019-12-22,2019-12-23
HSART-07-090-BLDG CIRC UG,76569248,assign,2019-12-22,2019-12-23
HSART-07-090-BLDG CIRC UG,26369759,assign,2019-12-22,2019-12-23
HSART-07-090-BLDG CIRC UG,30934202,assign,2019-12-22,2019-12-23
HSART-07-090-BLDG CIRC UG,29180780,assign,2019-12-22,2019-12-23
HSART-07-090-BLDG CIRC UG,53787906,assign,2019-12-22,2019-12-23
HSART-07-090-BLDG CIRC UG,27248198,assign,2019-12-22,2019-12-23
HSART-07-090-BLDG CIRC UG,81933491,assign,2019-12-22,2019-12-23
HSART-07-090-BLDG CIRC UG,09892865,assign,2019-12-22,2019-12-23
HSART-07-090-BLDG CIRC UG,40475546,assign,2019-12-22,2019-12-23
HSART-07-090-BLDG CIRC UG,99644966,assign,2019-12-22,2019-12-23
HSART-07-090-BLDG CIRC UG,16424967,assign,2019-12-22,2019-12-23
HSART-07-090-BLDG CIRC UG,57186547,assign,2019-12-22,2019-12-23
HSART-07-090-BLDG CIRC UG,10773815,assign,2019-12-22,2019-12-23
HSART-07-090-BLDG CIRC UG,37058335,assign,2019-12-22,2019-12-23
HSART-07-090-BLDG CIRC UG,02517828,assign,2019-12-22,2019-12-23
HSART-07-090-BLDG CIRC UG,94131418,assign,2019-12-22,2019-12-23
HSART-07-090-BLDG CIRC UG,31656937,assign,2019-12-22,2019-12-23
HSART-07-090-BLDG CIRC UG,41885074,assign,2019-12-22,2019-12-23
HSART-07-090-BLDG CIRC UG,44671277,assign,2019-12-22,2019-12-23
HSART-07-090-BLDG CIRC UG,10362861,assign,2019-12-22,2019-12-23
HSART-07-090-BLDG CIRC UG,41390869,assign,2019-12-22,2019-12-23
HSART-07-090-BLDG CIRC UG,81233103,assign,2019-12-22,2019-12-23
HSART-07-090-BLDG CIRC UG,03752893,assign,2019-12-22,2019-12-23
HSART-07-090-BLDG CIRC UG,08061436,assign,2019-12-22,2019-12-23
HSART-07-090-BLDG CIRC UG,22958979,assign,2019-12-22,2019-12-23
HSART-07-090-BLDG CIRC UG,97121857,assign,2019-12-22,2019-12-23
HSART-07-090-BLDG CIRC UG,47511115,assign,2019-12-22,2019-12-23
HSART-07-090-BLDG CIRC UG,01105805,assign,2019-12-22,2019-12-23
HSART-07-090-BLDG CIRC UG,60950855,assign,2019-12-22,2019-12-23
HSART-07-090-BLDG CIRC UG,93173955,assign,2019-12-22,2019-12-23
HSART-07-090-BLDG CIRC UG,04726568,assign,2019-12-22,2019-12-23
HSART-07-090-BLDG CIRC UG,16763977,assign,2019-12-22,2019-12-23
HSART-07-090-BLDG CIRC UG,25611236,assign,2019-12-22,2019-12-23
HSART-07-090-BLDG CIRC UG,70903246,assign,2019-12-22,2019-12-23
HSART-07-090-BLDG CIRC UG,78448131,assign,2019-12-22,2019-12-23
HSART-07-090-BLDG CIRC UG,08007435,assign,2019-12-22,2019-12-23
HSART-07-090-BLDG CIRC UG,31463917,assign,2019-12-22,2019-12-23
HSART-07-090-BLDG CIRC UG,79515946,assign,2019-12-22,2019-12-23
HSART-07-090-BLDG CIRC UG,32807455,assign,2019-12-22,2019-12-23
HSART-07-090-BLDG CIRC UG,98683656,assign,2019-12-22,2019-12-23
HSART-07-090-BLDG CIRC UG,81634740,assign,2019-12-22,2019-12-23
HSART-07-090-BLDG CIRC UG,86898104,assign,2019-12-22,2019-12-23
HSART-07-090-BLDG CIRC UG,76931498,assign,2019-12-22,2019-12-23
HSART-07-090-BLDG CIRC UG,97070590,assign,2019-12-22,2019-12-23
HSART-07-090-BLDG CIRC UG,58319290,assign,2019-12-22,2019-12-23
HSART-07-090-BLDG CIRC UG,78127559,assign,2019-12-22,2019-12-23
HSART-07-090-BLDG CIRC UG,64405834,assign,2019-12-22,2019-12-23
HSART-07-090-BLDG CIRC UG,55777734,assign,2019-12-22,2019-12-23
HSART-07-090-BLDG CIRC UG,20453006,assign,2019-12-22,2019-12-23
HSART-07-090-BLDG CIRC UG,79844876,assign,2019-12-22,2019-12-23
HSART-07-090-BLDG CIRC UG,08503513,assign,2019-12-22,2019-12-23
HSART-07-090-BLDG CIRC UG,35619318,assign,2019-12-22,2019-12-23
HSART-07-090-BLDG CIRC UG,25905534,assign,2019-12-22,2019-12-23
HSART-07-090-BLDG CIRC UG,13424292,assign,2019-12-22,2019-12-23
HSART-07-090-BLDG CIRC UG,10128872,assign,2019-12-22,2019-12-23
HSART-07-090-BLDG CIRC UG,97886511,assign,2019-12-22,2019-12-23
HSART-07-090-BLDG CIRC UG,57945369,assign,2019-12-22,2019-12-23
HSART-07-090-BLDG CIRC UG,17443374,assign,2019-12-22,2019-12-23
HSART-07-090-BLDG CIRC UG,95117968,assign,2019-12-22,2019-12-23
HSART-07-090-BLDG CIRC UG,38131374,assign,2019-12-22,2019-12-23
HSART-07-090-BLDG CIRC UG,12730221,assign,2019-12-22,2019-12-23
HSART-07-090-BLDG CIRC UG,97961961,assign,2019-12-22,2019-12-23
HSART-07-090-BLDG CIRC UG,88548448,assign,2019-12-22,2019-12-23
HSART-07-090-BLDG CIRC UG,12705573,assign,2019-12-22,2019-12-23
HSART-07-090-BLDG CIRC UG,13341189,assign,2019-12-22,2019-12-23
HSART-07-090-BLDG CIRC UG,14481439,assign,2019-12-22,2019-12-23
HSART-07-090-BLDG CIRC UG,40354381,assign,2019-12-22,2019-12-23
HSART-07-090-BLDG CIRC UG,09640510,assign,2019-12-22,2019-12-23
HSART-07-090-BLDG CIRC UG,41214360,assign,2019-12-22,2019-12-23
HSART-07-090-BLDG CIRC UG,62963674,assign,2019-12-22,2019-12-23
HSART-07-090-BLDG CIRC UG,24176718,assign,2019-12-22,2019-12-23
HSART-07-090-BLDG CIRC UG,05923639,assign,2019-12-22,2019-12-23
HSART-07-090-BLDG CIRC UG,75842940,assign,2019-12-22,2019-12-23
HSART-07-090-BLDG CIRC UG,79653361,assign,2019-12-22,2019-12-23
HSART-07-090-BLDG CIRC UG,13543704,assign,2019-12-22,2019-12-23
HSART-07-090-BLDG CIRC UG,75942863,assign,2019-12-22,2019-12-23
HSART-07-090-BLDG CIRC UG,69833867,assign,2019-12-22,2019-12-23
HSART-07-090-BLDG CIRC UG,69918390,assign,2019-12-22,2019-12-23
HSART-07-090-BLDG CIRC UG,50533943,assign,2019-12-22,2019-12-23
HSART-07-090-BLDG CIRC UG,56342843,assign,2019-12-22,2019-12-23
HSART-07-090-BLDG CIRC UG,81726288,assign,2019-12-22,2019-12-23
HSART-07-090-BLDG CIRC UG,33979107,assign,2019-12-22,2019-12-23
HSART-07-090-BLDG CIRC UG,54960603,assign,2019-12-22,2019-12-23
HSART-07-090-BLDG CIRC UG,07693788,assign,2019-12-22,2019-12-23
HSART-07-090-BLDG CIRC UG,01843130,assign,2019-12-22,2019-12-23
HSART-07-090-BLDG CIRC UG,15783053,assign,2019-12-22,2019-12-23
HSART-07-090-BLDG CIRC UG,80070254,assign,2019-12-22,2019-12-23
HSART-07-090-BLDG CIRC UG,29751348,assign,2019-12-22,2019-12-23
HSART-07-090-BLDG CIRC UG,36355155,assign,2019-12-22,2019-12-23
HSART-07-090-BLDG CIRC UG,92330656,assign,2019-12-22,2019-12-23
HSART-07-090-BLDG CIRC UG,87357385,assign,2019-12-22,2019-12-23
HSART-07-090-BLDG CIRC UG,05064107,assign,2019-12-22,2019-12-23
HSART-07-090-BLDG CIRC UG,12917055,assign,2019-12-22,2019-12-23
HSART-07-090-BLDG CIRC UG,46177928,assign,2019-12-22,2019-12-23
HSART-07-090-BLDG CIRC UG,55389020,assign,2019-12-22,2019-12-23
HSART-07-090-BLDG CIRC UG,51277422,assign,2019-12-22,2019-12-23
HSART-07-090-BLDG CIRC UG,96909966,assign,2019-12-22,2019-12-23
HSART-07-090-BLDG CIRC UG,51950839,assign,2019-12-22,2019-12-23
HSART-07-090-BLDG CIRC UG,90546545,assign,2019-12-22,2019-12-23
HSART-07-090-BLDG CIRC UG,59014506,assign,2019-12-22,2019-12-23
HSART-07-090-BLDG CIRC UG,25513718,assign,2019-12-22,2019-12-23
HSART-07-090-BLDG CIRC UG,97646908,assign,2019-12-22,2019-12-23
HSART-07-090-BLDG CIRC UG,32445741,assign,2019-12-22,2019-12-23
HSART-07-090-BLDG CIRC UG,88723567,assign,2019-12-22,2019-12-23
HSART-07-090-BLDG CIRC UG,85192355,assign,2019-12-22,2019-12-23
HSART-07-090-BLDG CIRC UG,88990711,assign,2019-12-22,2019-12-23
HSART-07-090-BLDG CIRC UG,67803363,assign,2019-12-22,2019-12-23
HSART-07-090-BLDG CIRC UG,23784153,assign,2019-12-22,2019-12-23
HSART-07-090-BLDG CIRC UG,27024024,assign,2019-12-22,2019-12-23
HSART-07-090-BLDG CIRC UG,18626729,assign,2019-12-22,2019-12-23
HSART-07-090-BLDG CIRC UG,84782957,assign,2019-12-22,2019-12-23
HSART-07-090-BLDG CIRC UG,58984627,assign,2019-12-22,2019-12-23
HSART-07-090-BLDG CIRC UG,48551115,assign,2019-12-22,2019-12-23
HSART-07-090-BLDG CIRC UG,27070225,assign,2019-12-22,2019-12-23
HSART-07-090-BLDG CIRC UG,46280633,assign,2019-12-22,2019-12-23
HSART-07-090-BLDG CIRC UG,24903142,assign,2019-12-22,2019-12-23
HSART-07-090-BLDG CIRC UG,16820894,assign,2019-12-22,2019-12-23
HSART-07-090-BLDG CIRC UG,40411790,assign,2019-12-22,2019-12-23
HSART-07-090-BLDG CIRC UG,89903169,assign,2019-12-22,2019-12-23
HSART-07-090-BLDG CIRC UG,16945503,assign,2019-12-22,2019-12-23
HSART-07-090-BLDG CIRC UG,00040810,assign,2019-12-22,2019-12-23
HSART-07-090-BLDG CIRC UG,56341204,assign,2019-12-22,2019-12-23
HSART-07-090-BLDG CIRC UG,99147690,assign,2019-12-22,2019-12-23
HSART-07-090-BLDG CIRC UG,60693528,assign,2019-12-22,2019-12-23
HSART-07-090-BLDG CIRC UG,94766398,assign,2019-12-22,2019-12-23
HSART-07-090-BLDG CIRC UG,10585996,assign,2019-12-22,2019-12-23
HSART-07-090-BLDG CIRC UG,67435963,assign,2019-12-22,2019-12-23
HSART-07-090-BLDG CIRC UG,91537622,assign,2019-12-22,2019-12-23
HSART-07-090-BLDG CIRC UG,47594179,assign,2019-12-22,2019-12-23
HSART-07-090-BLDG CIRC UG,57652499,assign,2019-12-22,2019-12-23
HSART-07-090-BLDG CIRC UG,38523713,assign,2019-12-22,2019-12-23
HSART-07-090-BLDG CIRC UG,76225148,assign,2019-12-22,2019-12-23
HSART-07-090-BLDG CIRC UG,77674011,assign,2019-12-22,2019-12-23
HSART-07-090-BLDG CIRC UG,27739083,assign,2019-12-22,2019-12-23
HSART-07-090-BLDG CIRC UG,97430156,assign,2019-12-22,2019-12-23
HSART-07-090-BLDG CIRC UG,65524172,assign,2019-12-22,2019-12-23
HSART-07-090-BLDG CIRC UG,74616976,assign,2019-12-22,2019-12-23
HSART-07-090-BLDG CIRC UG,63221197,assign,2019-12-22,2019-12-23
HSART-07-090-BLDG CIRC UG,87124207,assign,2019-12-22,2019-12-23
HSART-07-090-BLDG CIRC UG,53443141,assign,2019-12-22,2019-12-23
HSART-07-090-BLDG CIRC UG,43001602,assign,2019-12-22,2019-12-23
HSART-07-090-BLDG CIRC UG,80175080,assign,2019-12-22,2019-12-23
HSART-07-090-BLDG CIRC UG,42092388,assign,2019-12-22,2019-12-23
HSART-07-090-BLDG CIRC UG,17215053,assign,2019-12-22,2019-12-23
HSART-07-090-BLDG CIRC UG,79404256,assign,2019-12-22,2019-12-23
HSART-07-090-BLDG CIRC UG,05197053,assign,2019-12-22,2019-12-23
HSART-07-090-BLDG CIRC UG,71404437,assign,2019-12-22,2019-12-23
HSART-07-090-BLDG CIRC UG,26463615,assign,2019-12-22,2019-12-23
HSART-07-090-BLDG CIRC UG,02200370,assign,2019-12-22,2019-12-23
HSART-07-090-BLDG CIRC UG,80752696,assign,2019-12-22,2019-12-23
HSART-07-090-BLDG CIRC UG,39764333,assign,2019-12-22,2019-12-23
HSART-07-090-BLDG CIRC UG,68496030,assign,2019-12-22,2019-12-23
HSART-07-090-BLDG CIRC UG,38886120,assign,2019-12-22,2019-12-23
HSART-07-090-BLDG CIRC UG,95053739,assign,2019-12-22,2019-12-23
HSART-07-090-BLDG CIRC UG,87957487,assign,2019-12-22,2019-12-23
HSART-07-090-BLDG CIRC UG,77321640,assign,2019-12-22,2019-12-23
HSART-07-090-BLDG CIRC UG,90367996,assign,2019-12-22,2019-12-23
HSART-07-090-BLDG CIRC UG,97686670,assign,2019-12-22,2019-12-23
HSART-07-090-BLDG CIRC UG,90332890,assign,2019-12-22,2019-12-23
HSART-07-090-BLDG CIRC UG,87488268,assign,2019-12-22,2019-12-23
HSART-07-090-BLDG CIRC UG,53056868,assign,2019-12-22,2019-12-23
HSART-07-090-BLDG CIRC UG,73507416,assign,2019-12-22,2019-12-23
HSART-07-090-BLDG CIRC UG,92539979,assign,2019-12-22,2019-12-23
HSART-07-090-BLDG CIRC UG,18971799,assign,2019-12-22,2019-12-23
HSART-07-090-BLDG CIRC UG,02116332,assign,2019-12-22,2019-12-23
HSART-07-090-BLDG CIRC UG,03400625,assign,2019-12-22,2019-12-23
HSART-07-090-BLDG CIRC UG,96737357,assign,2019-12-22,2019-12-23
HSART-07-090-BLDG CIRC UG,36648290,assign,2019-12-22,2019-12-23
HSART-07-090-BLDG CIRC UG,23459280,assign,2019-12-22,2019-12-23
HSART-07-090-BLDG CIRC UG,12265123,assign,2019-12-22,2019-12-23
HSART-07-090-BLDG CIRC UG,84655741,assign,2019-12-22,2019-12-23
HSART-07-090-BLDG CIRC UG,81704535,assign,2019-12-22,2019-12-23
HSART-07-090-BLDG CIRC UG,49113314,assign,2019-12-22,2019-12-23
HSART-07-090-BLDG CIRC UG,54131243,assign,2019-12-22,2019-12-23
HSART-07-090-BLDG CIRC UG,72374084,assign,2019-12-22,2019-12-23
HSART-07-090-BLDG CIRC UG,12155327,assign,2019-12-22,2019-12-23
HSART-07-090-BLDG CIRC UG,85799098,assign,2019-12-22,2019-12-23
HSART-07-090-BLDG CIRC UG,29279662,assign,2019-12-22,2019-12-23
HSART-07-090-BLDG CIRC UG,89884878,assign,2019-12-22,2019-12-23
HSART-07-090-BLDG CIRC UG,10587784,assign,2019-12-22,2019-12-23
HSART-07-090-BLDG CIRC UG,81788755,assign,2019-12-22,2019-12-23
HSART-07-090-BLDG CIRC UG,76995921,assign,2019-12-22,2019-12-23
HSART-07-090-BLDG CIRC UG,69840848,assign,2019-12-22,2019-12-23
HSART-07-090-BLDG CIRC UG,08572448,assign,2019-12-22,2019-12-23
HSART-07-090-BLDG CIRC UG,52070723,assign,2019-12-22,2019-12-23
HSART-07-090-BLDG CIRC UG,71324598,assign,2019-12-22,2019-12-23
HSART-07-090-BLDG CIRC UG,91852718,assign,2019-12-22,2019-12-23
HSART-07-090-BLDG CIRC UG,77342127,assign,2019-12-22,2019-12-23
HSART-07-090-BLDG CIRC UG,41508261,assign,2019-12-22,2019-12-23
HSART-07-090-BLDG CIRC UG,75963511,assign,2019-12-22,2019-12-23
HSART-07-090-BLDG CIRC UG,46483356,assign,2019-12-22,2019-12-23
HSART-07-090-BLDG CIRC UG,84956920,assign,2019-12-22,2019-12-23
HSART-07-090-BLDG CIRC UG,06687626,assign,2019-12-22,2019-12-23
HSART-07-090-BLDG CIRC UG,41879469,assign,2019-12-22,2019-12-23
HSART-07-090-BLDG CIRC UG,11836363,assign,2019-12-22,2019-12-23
HSART-07-090-BLDG CIRC UG,04111580,assign,2019-12-22,2019-12-23
HSART-07-090-BLDG CIRC UG,71653891,assign,2019-12-22,2019-12-23
HSART-07-090-BLDG CIRC UG,79250402,assign,2019-12-22,2019-12-23
HSART-07-090-BLDG CIRC UG,41919489,assign,2019-12-22,2019-12-23
HSART-07-090-BLDG CIRC UG,71998996,assign,2019-12-22,2019-12-23
HSART-07-090-BLDG CIRC UG,27621265,assign,2019-12-22,2019-12-23
HSART-07-090-BLDG CIRC UG,17009981,assign,2019-12-22,2019-12-23
HSART-07-090-BLDG CIRC UG,95812279,assign,2019-12-22,2019-12-23
HSART-07-090-BLDG CIRC UG,76265144,assign,2019-12-22,2019-12-23
HSART-07-090-BLDG CIRC UG,31502843,assign,2019-12-22,2019-12-23
HSART-07-090-BLDG CIRC UG,89571728,assign,2019-12-22,2019-12-23
HSART-07-090-BLDG CIRC UG,70877056,assign,2019-12-22,2019-12-23
HSART-07-090-BLDG CIRC UG,82563908,assign,2019-12-22,2019-12-23
HSART-07-090-BLDG CIRC UG,26304435,assign,2019-12-22,2019-12-23
HSART-07-090-BLDG CIRC UG,01990358,assign,2019-12-22,2019-12-23
HSART-07-090-BLDG CIRC UG,74330749,assign,2019-12-22,2019-12-23
HSART-07-090-BLDG CIRC UG,17063156,assign,2019-12-22,2019-12-23
HSART-07-090-BLDG CIRC UG,25452471,assign,2019-12-22,2019-12-23
HSART-07-090-BLDG CIRC UG,22452082,assign,2019-12-22,2019-12-23
HSART-07-090-BLDG CIRC UG,10824014,assign,2019-12-22,2019-12-23
HSART-07-090-BLDG CIRC UG,49624599,assign,2019-12-22,2019-12-23
HSART-07-090-BLDG CIRC UG,79097652,assign,2019-12-22,2019-12-23
HSART-07-090-BLDG CIRC UG,28417945,assign,2019-12-22,2019-12-23
HSART-07-090-BLDG CIRC UG,62744576,assign,2019-12-22,2019-12-23
HSART-07-090-BLDG CIRC UG,73036828,assign,2019-12-22,2019-12-23
HSART-07-090-BLDG CIRC UG,44191765,assign,2019-12-22,2019-12-23
HSART-07-090-BLDG CIRC UG,83979759,assign,2019-12-22,2019-12-23
HSART-07-090-BLDG CIRC UG,67600805,assign,2019-12-22,2019-12-23
HSART-07-090-BLDG CIRC UG,83308630,assign,2019-12-22,2019-12-23
HSART-07-090-BLDG CIRC UG,69250786,assign,2019-12-22,2019-12-23
HSART-07-090-BLDG CIRC UG,99922186,assign,2019-12-22,2019-12-23
HSART-07-090-BLDG CIRC UG,05226399,assign,2019-12-22,2019-12-23
HSART-07-090-BLDG CIRC UG,39359114,assign,2019-12-22,2019-12-23
HSART-07-090-BLDG CIRC UG,68662065,assign,2019-12-22,2019-12-23
HSART-07-090-BLDG CIRC UG,14537356,assign,2019-12-22,2019-12-23
HSART-07-090-BLDG CIRC UG,31670304,assign,2019-12-22,2019-12-23
HSART-07-090-BLDG CIRC UG,95707961,assign,2019-12-22,2019-12-23
HSART-07-090-BLDG CIRC UG,33055304,assign,2019-12-22,2019-12-23
HSART-07-090-BLDG CIRC UG,66545226,assign,2019-12-22,2019-12-23
HSART-07-090-BLDG CIRC UG,90032704,assign,2019-12-22,2019-12-23
HSART-07-090-BLDG CIRC UG,17851857,assign,2019-12-22,2019-12-23
HSART-07-090-BLDG CIRC UG,87590407,assign,2019-12-22,2019-12-23
HSART-07-090-BLDG CIRC UG,89994070,assign,2019-12-22,2019-12-23
HSART-07-090-BLDG CIRC UG,69717499,assign,2019-12-22,2019-12-23
HSART-07-090-BLDG CIRC UG,52606640,assign,2019-12-22,2019-12-23
HSART-07-090-BLDG CIRC UG,60840648,assign,2019-12-22,2019-12-23
HSART-07-090-BLDG CIRC UG,44467002,assign,2019-12-22,2019-12-23
HSART-07-090-BLDG CIRC UG,85688194,assign,2019-12-22,2019-12-23
HSART-07-090-BLDG CIRC UG,22693542,assign,2019-12-22,2019-12-23
HSART-07-090-BLDG CIRC UG,01520590,assign,2019-12-22,2019-12-23
HSART-07-090-BLDG CIRC UG,28250611,assign,2019-12-22,2019-12-23
HSART-07-090-BLDG CIRC UG,77354068,assign,2019-12-22,2019-12-23
HSART-07-090-BLDG CIRC UG,49274705,assign,2019-12-22,2019-12-23
HSART-07-090-BLDG CIRC UG,61329091,assign,2019-12-22,2019-12-23
HSART-07-090-BLDG CIRC UG,08317607,assign,2019-12-22,2019-12-23
HSART-07-090-BLDG CIRC UG,62173244,assign,2019-12-22,2019-12-23
HSART-07-090-BLDG CIRC UG,00170626,assign,2019-12-22,2019-12-23
HSART-07-090-BLDG CIRC UG,04501810,assign,2019-12-22,2019-12-23
HSART-07-090-BLDG CIRC UG,19944251,assign,2019-12-22,2019-12-23
HSART-07-090-BLDG CIRC UG,27228351,assign,2019-12-22,2019-12-23
HSART-07-090-BLDG CIRC UG,78313617,assign,2019-12-22,2019-12-23
HSART-07-090-BLDG CIRC UG,36858148,assign,2019-12-22,2019-12-23
HSART-07-090-BLDG CIRC UG,31913470,assign,2019-12-22,2019-12-23
HSART-07-090-BLDG CIRC UG,53504661,assign,2019-12-22,2019-12-23
HSART-07-090-BLDG CIRC UG,49957589,assign,2019-12-22,2019-12-23
HSART-07-090-BLDG CIRC UG,53530265,assign,2019-12-22,2019-12-23
HSART-07-090-BLDG CIRC UG,32625850,assign,2019-12-22,2019-12-23
HSART-07-090-BLDG CIRC UG,02953933,assign,2019-12-22,2019-12-23
HSART-07-090-BLDG CIRC UG,90309549,assign,2019-12-22,2019-12-23
HSART-07-090-BLDG CIRC UG,94240078,assign,2019-12-22,2019-12-23
HSART-07-090-BLDG CIRC UG,49445998,assign,2019-12-22,2019-12-23
HSART-07-090-BLDG CIRC UG,24233760,assign,2019-12-22,2019-12-23
HSART-07-090-BLDG CIRC UG,56880854,assign,2019-12-22,2019-12-23
HSART-07-090-BLDG CIRC UG,29137324,assign,2019-12-22,2019-12-23
HSART-07-090-BLDG CIRC UG,07200168,assign,2019-12-22,2019-12-23
HSART-07-090-BLDG CIRC UG,08265861,assign,2019-12-22,2019-12-23
HSART-07-090-BLDG CIRC UG,90214972,assign,2019-12-22,2019-12-23
HSART-07-090-BLDG CIRC UG,01273309,assign,2019-12-22,2019-12-23
HSART-07-090-BLDG CIRC UG,39639988,assign,2019-12-22,2019-12-23
HSART-07-090-BLDG CIRC UG,15316674,assign,2019-12-22,2019-12-23
HSART-07-090-BLDG CIRC UG,12638865,assign,2019-12-22,2019-12-23
HSART-07-090-BLDG CIRC UG,24680267,assign,2019-12-22,2019-12-23
HSART-07-090-BLDG CIRC UG,81306806,assign,2019-12-22,2019-12-23
HSART-07-090-BLDG CIRC UG,20777060,assign,2019-12-22,2019-12-23
HSART-07-090-BLDG CIRC UG,34155730,assign,2019-12-22,2019-12-23
HSART-07-090-BLDG CIRC UG,51335739,assign,2019-12-22,2019-12-23
HSART-07-090-BLDG CIRC UG,37409606,assign,2019-12-22,2019-12-23
HSART-07-090-BLDG CIRC UG,04903794,assign,2019-12-22,2019-12-23
HSART-07-090-BLDG CIRC UG,72862517,assign,2019-12-22,2019-12-23
HSART-07-090-BLDG CIRC UG,37389130,assign,2019-12-22,2019-12-23
HSART-07-090-BLDG CIRC UG,05868668,assign,2019-12-22,2019-12-23
HSART-07-090-BLDG CIRC UG,20656323,assign,2019-12-22,2019-12-23
HSART-07-090-BLDG CIRC UG,12008202,assign,2019-12-22,2019-12-23
HSART-07-090-BLDG CIRC UG,06601022,assign,2019-12-22,2019-12-23
HSART-07-090-BLDG CIRC UG,49978686,assign,2019-12-22,2019-12-23
HSART-07-090-BLDG CIRC UG,40090753,assign,2019-12-22,2019-12-23
HSART-07-090-BLDG CIRC UG,12948151,assign,2019-12-22,2019-12-23
HSART-07-090-BLDG CIRC UG,31948151,assign,2019-12-22,2019-12-23
HSART-07-090-BLDG CIRC UG,04023768,assign,2019-12-22,2019-12-23
HSART-07-090-BLDG CIRC UG,17012549,assign,2019-12-22,2019-12-23
HSART-07-090-BLDG CIRC UG,50874352,assign,2019-12-22,2019-12-23
HSART-07-090-BLDG CIRC UG,00317212,assign,2019-12-22,2019-12-23
HSART-07-090-BLDG CIRC UG,95902023,assign,2019-12-22,2019-12-23
HSART-07-090-BLDG CIRC UG,50506302,assign,2019-12-22,2019-12-23
HSART-07-090-BLDG CIRC UG,35643356,assign,2019-12-22,2019-12-23
HSART-07-090-BLDG CIRC UG,45547212,assign,2019-12-22,2019-12-23
HSART-07-090-BLDG CIRC UG,33793252,assign,2019-12-22,2019-12-23
HSART-07-090-BLDG CIRC UG,64418125,assign,2019-12-22,2019-12-23
HSART-07-090-BLDG CIRC UG,70886473,assign,2019-12-22,2019-12-23
HSART-07-090-BLDG CIRC UG,91070092,assign,2019-12-22,2019-12-23
HSART-07-090-BLDG CIRC UG,62162154,assign,2019-12-22,2019-12-23
HSART-07-090-BLDG CIRC UG,94652759,assign,2019-12-22,2019-12-23
HSART-07-090-BLDG CIRC UG,35196754,assign,2019-12-22,2019-12-23
HSART-07-090-BLDG CIRC UG,21394466,assign,2019-12-22,2019-12-23
HSART-07-090-BLDG CIRC UG,80646569,assign,2019-12-22,2019-12-23
HSART-07-090-BLDG CIRC UG,61105031,assign,2019-12-22,2019-12-23
HSART-07-090-BLDG CIRC UG,62652619,assign,2019-12-22,2019-12-23
HSART-07-090-BLDG CIRC UG,63836521,assign,2019-12-22,2019-12-23
HSART-07-090-BLDG CIRC UG,34020201,assign,2019-12-22,2019-12-23
HSART-07-090-BLDG CIRC UG,27252732,assign,2019-12-22,2019-12-23
HSART-07-090-BLDG CIRC UG,15216083,assign,2019-12-22,2019-12-23
HSART-07-090-BLDG CIRC UG,06514460,assign,2019-12-22,2019-12-23
HSART-07-090-BLDG CIRC UG,74254232,assign,2019-12-22,2019-12-23
HSART-07-090-BLDG CIRC UG,63052118,assign,2019-12-22,2019-12-23
HSART-07-090-BLDG CIRC UG,22093113,assign,2019-12-22,2019-12-23
HSART-07-090-BLDG CIRC UG,88152785,assign,2019-12-22,2019-12-23
HSART-07-090-BLDG CIRC UG,93188463,assign,2019-12-22,2019-12-23
HSART-07-090-BLDG CIRC UG,79972745,assign,2019-12-22,2019-12-23
HSART-07-090-BLDG CIRC UG,38127771,assign,2019-12-22,2019-12-23
HSART-07-090-BLDG CIRC UG,22696895,assign,2019-12-22,2019-12-23
HSART-07-090-BLDG CIRC UG,64551525,assign,2019-12-22,2019-12-23
HSART-07-090-BLDG CIRC UG,45072574,assign,2019-12-22,2019-12-23
HSART-07-090-BLDG CIRC UG,88441645,assign,2019-12-22,2019-12-23
HSART-07-090-BLDG CIRC UG,15379439,assign,2019-12-22,2019-12-23
HSART-07-090-BLDG CIRC UG,80730803,assign,2019-12-22,2019-12-23
HSART-07-090-BLDG CIRC UG,29839298,assign,2019-12-22,2019-12-23
HSART-07-090-BLDG CIRC UG,95682195,assign,2019-12-22,2019-12-23
HSART-07-090-BLDG CIRC UG,78665680,assign,2019-12-22,2019-12-23
HSART-07-090-BLDG CIRC UG,84157505,assign,2019-12-22,2019-12-23
HSART-07-090-BLDG CIRC UG,87452300,assign,2019-12-22,2019-12-23
HSART-07-090-BLDG CIRC UG,34505265,assign,2019-12-22,2019-12-23
HSART-07-090-BLDG CIRC UG,37683735,assign,2019-12-22,2019-12-23
HSART-07-090-BLDG CIRC UG,70787360,assign,2019-12-22,2019-12-23
HSART-07-090-BLDG CIRC UG,45827610,assign,2019-12-22,2019-12-23
HSART-07-090-BLDG CIRC UG,13510029,assign,2019-12-22,2019-12-23
HSART-07-090-BLDG CIRC UG,87573166,assign,2019-12-22,2019-12-23
HSART-07-090-BLDG CIRC UG,65660016,assign,2019-12-22,2019-12-23
HSART-07-090-BLDG CIRC UG,66932726,assign,2019-12-22,2019-12-23
HSART-07-090-BLDG CIRC UG,13291664,assign,2019-12-22,2019-12-23
HSART-07-090-BLDG CIRC UG,62671283,assign,2019-12-22,2019-12-23
HSART-07-090-BLDG CIRC UG,69269815,assign,2019-12-22,2019-12-23
HSART-07-090-BLDG CIRC UG,78386662,assign,2019-12-22,2019-12-23
HSART-07-090-BLDG CIRC UG,12895820,assign,2019-12-22,2019-12-23
HSART-07-090-BLDG CIRC UG,87505870,assign,2019-12-22,2019-12-23
HSART-07-090-BLDG CIRC UG,38842113,assign,2019-12-22,2019-12-23
HSART-07-090-BLDG CIRC UG,29029002,assign,2019-12-22,2019-12-23
HSART-07-090-BLDG CIRC UG,11277754,assign,2019-12-22,2019-12-23
HSART-07-090-BLDG CIRC UG,24058131,assign,2019-12-22,2019-12-23
HSART-07-090-BLDG CIRC UG,41145208,assign,2019-12-22,2019-12-23
HSART-07-090-BLDG CIRC UG,30639972,assign,2019-12-22,2019-12-23
HSART-07-090-BLDG CIRC UG,49641174,assign,2019-12-22,2019-12-23
HSART-07-090-BLDG CIRC UG,56595714,assign,2019-12-22,2019-12-23
HSART-07-090-BLDG CIRC UG,32335781,assign,2019-12-22,2019-12-23
HSART-07-090-BLDG CIRC UG,39607192,assign,2019-12-22,2019-12-23
HSART-07-090-BLDG CIRC UG,39598773,assign,2019-12-22,2019-12-23
HSART-07-090-BLDG CIRC UG,52553151,assign,2019-12-22,2019-12-23
HSART-07-090-BLDG CIRC UG,91619765,assign,2019-12-22,2019-12-23
HSART-07-090-BLDG CIRC UG,88443797,assign,2019-12-22,2019-12-23
HSART-07-090-BLDG CIRC UG,39185173,assign,2019-12-22,2019-12-23
HSART-07-090-BLDG CIRC UG,22911119,assign,2019-12-22,2019-12-23
HSART-07-090-BLDG CIRC UG,56982524,assign,2019-12-22,2019-12-23
HSART-07-090-BLDG CIRC UG,32365123,assign,2019-12-22,2019-12-23
HSART-07-090-BLDG CIRC UG,90708338,assign,2019-12-22,2019-12-23
HSART-07-090-BLDG CIRC UG,33952279,assign,2019-12-22,2019-12-23
HSART-07-090-BLDG CIRC UG,05306165,assign,2019-12-22,2019-12-23
HSART-07-090-BLDG CIRC UG,91467787,assign,2019-12-22,2019-12-23
HSART-07-090-BLDG CIRC UG,09127852,assign,2019-12-22,2019-12-23
HSART-07-090-BLDG CIRC UG,90290240,assign,2019-12-22,2019-12-23
HSART-07-090-BLDG CIRC UG,46293220,assign,2019-12-22,2019-12-23
HSART-07-090-BLDG CIRC UG,29490110,assign,2019-12-22,2019-12-23
HSART-07-090-BLDG CIRC UG,57019021,assign,2019-12-22,2019-12-23
HSART-07-090-BLDG CIRC UG,95729087,assign,2019-12-22,2019-12-23
HSART-07-090-BLDG CIRC UG,69626626,assign,2019-12-22,2019-12-23
HSART-07-090-BLDG CIRC UG,17655342,assign,2019-12-22,2019-12-23
HSART-07-090-BLDG CIRC UG,96972935,assign,2019-12-22,2019-12-23
HSART-07-090-BLDG CIRC UG,07806588,assign,2019-12-22,2019-12-23
HSART-07-090-BLDG CIRC UG,87172096,assign,2019-12-22,2019-12-23
HSART-07-090-BLDG CIRC UG,70994147,assign,2019-12-22,2019-12-23
HSART-07-090-BLDG CIRC UG,25763150,assign,2019-12-22,2019-12-23
HSART-07-090-BLDG CIRC UG,63784223,assign,2019-12-22,2019-12-23
HSART-07-090-BLDG CIRC UG,03737928,assign,2019-12-22,2019-12-23
HSART-07-090-BLDG CIRC UG,50323174,assign,2019-12-22,2019-12-23
HSART-07-090-BLDG CIRC UG,56201478,assign,2019-12-22,2019-12-23
HSART-07-090-BLDG CIRC UG,28114714,assign,2019-12-22,2019-12-23
HSART-07-090-BLDG CIRC UG,90521978,assign,2019-12-22,2019-12-23
HSART-07-090-BLDG CIRC UG,80012750,assign,2019-12-22,2019-12-23
HSART-07-090-BLDG CIRC UG,59519065,assign,2019-12-22,2019-12-23
HSART-07-090-BLDG CIRC UG,06336779,assign,2019-12-22,2019-12-23
HSART-07-090-BLDG CIRC UG,34376323,assign,2019-12-22,2019-12-23
HSART-07-090-BLDG CIRC UG,22006534,assign,2019-12-22,2019-12-23
HSART-07-090-BLDG CIRC UG,65885718,assign,2019-12-22,2019-12-23
HSART-07-090-BLDG CIRC UG,25643264,assign,2019-12-22,2019-12-23
HSART-07-090-BLDG CIRC UG,50136283,assign,2019-12-22,2019-12-23
HSART-07-090-BLDG CIRC UG,27871400,assign,2019-12-22,2019-12-23
HSART-07-090-BLDG CIRC UG,26070908,assign,2019-12-22,2019-12-23
HSART-07-090-BLDG CIRC UG,59423975,assign,2019-12-22,2019-12-23
HSART-07-090-BLDG CIRC UG,80095321,assign,2019-12-22,2019-12-23
HSART-07-090-BLDG CIRC UG,17171110,assign,2019-12-22,2019-12-23
HSART-07-090-BLDG CIRC UG,94439975,assign,2019-12-22,2019-12-23
HSART-07-090-BLDG CIRC UG,65378151,assign,2019-12-22,2019-12-23
HSART-07-090-BLDG CIRC UG,47047139,assign,2019-12-22,2019-12-23
HSART-07-090-BLDG CIRC UG,55066990,assign,2019-12-22,2019-12-23
HSART-07-090-BLDG CIRC UG,47991985,assign,2019-12-22,2019-12-23
HSART-07-090-BLDG CIRC UG,70210478,assign,2019-12-22,2019-12-23
HSART-07-090-BLDG CIRC UG,71491649,assign,2019-12-22,2019-12-23
HSART-07-090-BLDG CIRC UG,16246896,assign,2019-12-22,2019-12-23
HSART-07-090-BLDG CIRC UG,16051402,assign,2019-12-22,2019-12-23
HSART-07-090-BLDG CIRC UG,19640091,assign,2019-12-22,2019-12-23
HSART-07-090-BLDG CIRC UG,63984957,assign,2019-12-22,2019-12-23
HSART-07-090-BLDG CIRC UG,97722069,assign,2019-12-22,2019-12-23
HSART-07-090-BLDG CIRC UG,43285763,assign,2019-12-22,2019-12-23
HSART-07-090-BLDG CIRC UG,04957051,assign,2019-12-22,2019-12-23
HSART-07-090-BLDG CIRC UG,64510706,assign,2019-12-22,2019-12-23
HSART-07-090-BLDG CIRC UG,92652748,assign,2019-12-22,2019-12-23
HSART-07-090-BLDG CIRC UG,50712001,assign,2019-12-22,2019-12-23
HSART-07-090-BLDG CIRC UG,67223512,assign,2019-12-22,2019-12-23
HSART-07-090-BLDG CIRC UG,78822430,assign,2019-12-22,2019-12-23
HSART-07-090-BLDG CIRC UG,48567602,assign,2019-12-22,2019-12-23
HSART-07-090-BLDG CIRC UG,93432967,assign,2019-12-22,2019-12-23
HSART-07-090-BLDG CIRC UG,54235631,assign,2019-12-22,2019-12-23
HSART-07-090-BLDG CIRC UG,04352794,assign,2019-12-22,2019-12-23
HSART-07-090-BLDG CIRC UG,08109376,assign,2019-12-22,2019-12-23
HSART-07-090-BLDG CIRC UG,99128650,assign,2019-12-22,2019-12-23
HSART-07-090-BLDG CIRC UG,06767220,assign,2019-12-22,2019-12-23
HSART-07-090-BLDG CIRC UG,95249662,assign,2019-12-22,2019-12-23
HSART-07-090-BLDG CIRC UG,60012631,assign,2019-12-22,2019-12-23
HSART-07-090-BLDG CIRC UG,13565277,assign,2019-12-22,2019-12-23
HSART-07-090-BLDG CIRC UG,46577233,assign,2019-12-22,2019-12-23
HSART-07-090-BLDG CIRC UG,42981961,assign,2019-12-22,2019-12-23
HSART-07-090-BLDG CIRC UG,03671550,assign,2019-12-22,2019-12-23
HSART-07-090-BLDG CIRC UG,33991924,assign,2019-12-22,2019-12-23
HSART-07-090-BLDG CIRC UG,11686739,assign,2019-12-22,2019-12-23
HSART-07-090-BLDG CIRC UG,83626386,assign,2019-12-22,2019-12-23
HSART-07-090-BLDG CIRC UG,19993965,assign,2019-12-22,2019-12-23
HSART-07-090-BLDG CIRC UG,65937263,assign,2019-12-22,2019-12-23
HSART-07-090-BLDG CIRC UG,39612381,assign,2019-12-22,2019-12-23
HSART-07-090-BLDG CIRC UG,16915694,assign,2019-12-22,2019-12-23
HSART-07-090-BLDG CIRC UG,31705591,assign,2019-12-22,2019-12-23
HSART-07-090-BLDG CIRC UG,42588068,assign,2019-12-22,2019-12-23
HSART-07-090-BLDG CIRC UG,30331230,assign,2019-12-22,2019-12-23
HSART-07-090-BLDG CIRC UG,52934823,assign,2019-12-22,2019-12-23
HSART-07-090-BLDG CIRC UG,57401389,assign,2019-12-22,2019-12-23
HSART-07-090-BLDG CIRC UG,81484699,assign,2019-12-22,2019-12-23
HSART-07-090-BLDG CIRC UG,22882548,assign,2019-12-22,2019-12-23
HSART-07-090-BLDG CIRC UG,75228990,assign,2019-12-22,2019-12-23
HSART-07-090-BLDG CIRC UG,19374895,assign,2019-12-22,2019-12-23
HSART-07-090-BLDG CIRC UG,20449835,assign,2019-12-22,2019-12-23
HSART-07-090-BLDG CIRC UG,85317370,assign,2019-12-22,2019-12-23
HSART-07-090-BLDG CIRC UG,96682207,assign,2019-12-22,2019-12-23
HSART-07-090-BLDG CIRC UG,87757815,assign,2019-12-22,2019-12-23
HSART-07-090-BLDG CIRC UG,68305167,assign,2019-12-22,2019-12-23
HSART-07-090-BLDG CIRC UG,18642205,assign,2019-12-22,2019-12-23
HSART-07-090-BLDG CIRC UG,79417506,assign,2019-12-22,2019-12-23
HSART-07-090-BLDG CIRC UG,00971937,assign,2019-12-22,2019-12-23
HSART-07-090-BLDG CIRC UG,66958135,assign,2019-12-22,2019-12-23
HSART-07-090-BLDG CIRC UG,67680492,assign,2019-12-22,2019-12-23
HSART-07-090-BLDG CIRC UG,92639538,assign,2019-12-22,2019-12-23
HSART-07-090-BLDG CIRC UG,56737399,assign,2019-12-22,2019-12-23
HSART-07-090-BLDG CIRC UG,43574280,assign,2019-12-22,2019-12-23
HSART-07-090-BLDG CIRC UG,84971508,assign,2019-12-22,2019-12-23
HSART-07-090-BLDG CIRC UG,18240442,assign,2019-12-22,2019-12-23
HSART-07-090-BLDG CIRC UG,63480176,assign,2019-12-22,2019-12-23
HSART-07-090-BLDG CIRC UG,16495455,assign,2019-12-22,2019-12-23
HSART-07-090-BLDG CIRC UG,70295873,assign,2019-12-22,2019-12-23
HSART-07-090-BLDG CIRC UG,97787897,assign,2019-12-22,2019-12-23
HSART-07-090-BLDG CIRC UG,75250778,assign,2019-12-22,2019-12-23
HSART-07-090-BLDG CIRC UG,77608953,assign,2019-12-22,2019-12-23
HSART-07-090-BLDG CIRC UG,77103810,assign,2019-12-22,2019-12-23
HSART-07-090-BLDG CIRC UG,71485789,assign,2019-12-22,2019-12-23
HSART-07-090-BLDG CIRC UG,34537283,assign,2019-12-22,2019-12-23
HSART-07-090-BLDG CIRC UG,74515018,assign,2019-12-22,2019-12-23
HSART-07-090-BLDG CIRC UG,47301958,assign,2019-12-22,2019-12-23
HSART-07-090-BLDG CIRC UG,16492939,assign,2019-12-22,2019-12-23
HSART-07-090-BLDG CIRC UG,10754274,assign,2019-12-22,2019-12-23
HSART-07-090-BLDG CIRC UG,22931725,assign,2019-12-22,2019-12-23
HSART-07-090-BLDG CIRC UG,26414882,assign,2019-12-22,2019-12-23
HSART-07-090-BLDG CIRC UG,58651429,assign,2019-12-22,2019-12-23
HSART-07-090-BLDG CIRC UG,67953827,assign,2019-12-22,2019-12-23
HSART-07-090-BLDG CIRC UG,10061462,assign,2019-12-22,2019-12-23
HSART-07-090-BLDG CIRC UG,86591184,assign,2019-12-22,2019-12-23
HSART-07-090-BLDG CIRC UG,16913125,assign,2019-12-22,2019-12-23
HSART-07-090-BLDG CIRC UG,93760816,assign,2019-12-22,2019-12-23
HSART-07-090-BLDG CIRC UG,35288722,assign,2019-12-22,2019-12-23
HSART-07-090-BLDG CIRC UG,58496473,assign,2019-12-22,2019-12-23
HSART-07-090-BLDG CIRC UG,20649645,assign,2019-12-22,2019-12-23
HSART-07-090-BLDG CIRC UG,54198486,assign,2019-12-22,2019-12-23
HSART-07-090-BLDG CIRC UG,53621366,assign,2019-12-22,2019-12-23
HSART-07-090-BLDG CIRC UG,35114303,assign,2019-12-22,2019-12-23
HSART-07-090-BLDG CIRC UG,22368193,assign,2019-12-22,2019-12-23
HSART-07-090-BLDG CIRC UG,75402332,assign,2019-12-22,2019-12-23
HSART-07-090-BLDG CIRC UG,05387087,assign,2019-12-22,2019-12-23
HSART-07-090-BLDG CIRC UG,12600018,assign,2019-12-22,2019-12-23
HSART-07-090-BLDG CIRC UG,85278635,assign,2019-12-22,2019-12-23
HSART-07-090-BLDG CIRC UG,44807532,assign,2019-12-22,2019-12-23
HSART-07-090-BLDG CIRC UG,86365618,assign,2019-12-22,2019-12-23
HSART-07-090-BLDG CIRC UG,61938101,assign,2019-12-22,2019-12-23
HSART-07-090-BLDG CIRC UG,93366402,assign,2019-12-22,2019-12-23
HSART-07-090-BLDG CIRC UG,73876390,assign,2019-12-22,2019-12-23
HSART-07-090-BLDG CIRC UG,85949795,assign,2019-12-22,2019-12-23
HSART-07-090-BLDG CIRC UG,19045134,assign,2019-12-22,2019-12-23
HSART-07-090-BLDG CIRC UG,86919058,assign,2019-12-22,2019-12-23
HSART-07-090-BLDG CIRC UG,83970795,assign,2019-12-22,2019-12-23
HSART-07-090-BLDG CIRC UG,56135961,assign,2019-12-22,2019-12-23
HSART-07-090-BLDG CIRC UG,66336264,assign,2019-12-22,2019-12-23
HSART-07-090-BLDG CIRC UG,69188410,assign,2019-12-22,2019-12-23
HSART-07-090-BLDG CIRC UG,36806396,assign,2019-12-22,2019-12-23
HSART-07-090-BLDG CIRC UG,76715441,assign,2019-12-22,2019-12-23
HSART-07-090-BLDG CIRC UG,06857121,assign,2019-12-22,2019-12-23
HSART-07-090-BLDG CIRC UG,68927296,assign,2019-12-22,2019-12-23
HSART-07-090-BLDG CIRC UG,13581769,assign,2019-12-22,2019-12-23
HSART-07-090-BLDG CIRC UG,69724480,assign,2019-12-22,2019-12-23
HSART-07-090-BLDG CIRC UG,29925476,assign,2019-12-22,2019-12-23
HSART-07-090-BLDG CIRC UG,31590124,assign,2019-12-22,2019-12-23
HSART-07-090-BLDG CIRC UG,99622220,assign,2019-12-22,2019-12-23
HSART-07-090-BLDG CIRC UG,17436172,assign,2019-12-22,2019-12-23
HSART-07-090-BLDG CIRC UG,28443877,assign,2019-12-22,2019-12-23
HSART-07-090-BLDG CIRC UG,68824301,assign,2019-12-22,2019-12-23
HSART-07-090-BLDG CIRC UG,63236523,assign,2019-12-22,2019-12-23
HSART-07-090-BLDG CIRC UG,38544626,assign,2019-12-22,2019-12-23
HSART-07-090-BLDG CIRC UG,15237541,assign,2019-12-22,2019-12-23
HSART-07-090-BLDG CIRC UG,61572924,assign,2019-12-22,2019-12-23
HSART-07-090-BLDG CIRC UG,73601210,assign,2019-12-22,2019-12-23
HSART-07-090-BLDG CIRC UG,63584569,assign,2019-12-22,2019-12-23
HSART-07-090-BLDG CIRC UG,26550600,assign,2019-12-22,2019-12-23
HSART-07-090-BLDG CIRC UG,44565790,assign,2019-12-22,2019-12-23
HSART-07-090-BLDG CIRC UG,71891351,assign,2019-12-22,2019-12-23
HSART-07-090-BLDG CIRC UG,36045654,assign,2019-12-22,2019-12-23
HSART-07-090-BLDG CIRC UG,02085528,assign,2019-12-22,2019-12-23
HSART-07-090-BLDG CIRC UG,39448339,assign,2019-12-22,2019-12-23
HSART-07-090-BLDG CIRC UG,78448940,assign,2019-12-22,2019-12-23
HSART-07-090-BLDG CIRC UG,20649148,assign,2019-12-22,2019-12-23
HSART-07-090-BLDG CIRC UG,41475309,assign,2019-12-22,2019-12-23
HSART-07-090-BLDG CIRC UG,44741032,assign,2019-12-22,2019-12-23
HSART-07-090-BLDG CIRC UG,91553050,assign,2019-12-22,2019-12-23
HSART-07-090-BLDG CIRC UG,05736327,assign,2019-12-22,2019-12-23
HSART-07-090-BLDG CIRC UG,25189943,assign,2019-12-22,2019-12-23
HSART-07-090-BLDG CIRC UG,15415523,assign,2019-12-22,2019-12-23
HSART-07-090-BLDG CIRC UG,31939845,assign,2019-12-22,2019-12-23
HSART-07-090-BLDG CIRC UG,12377628,assign,2019-12-22,2019-12-23
HSART-07-090-BLDG CIRC UG,14049500,assign,2019-12-22,2019-12-23
HSART-07-090-BLDG CIRC UG,23683420,assign,2019-12-22,2019-12-23
HSART-07-090-BLDG CIRC UG,99169621,assign,2019-12-22,2019-12-23
HSART-07-090-BLDG CIRC UG,36443340,assign,2019-12-22,2019-12-23
HSART-07-090-BLDG CIRC UG,43235858,assign,2019-12-22,2019-12-23
HSART-07-090-BLDG CIRC UG,46502569,assign,2019-12-22,2019-12-23
HSART-07-090-BLDG CIRC UG,84883761,assign,2019-12-22,2019-12-23
HSART-07-090-BLDG CIRC UG,33509580,assign,2019-12-22,2019-12-23
HSART-07-090-BLDG CIRC UG,16231270,assign,2019-12-22,2019-12-23
HSART-07-090-BLDG CIRC UG,13758608,assign,2019-12-22,2019-12-23
HSART-07-090-BLDG CIRC UG,01445462,assign,2019-12-22,2019-12-23
HSART-07-090-BLDG CIRC UG,21429974,assign,2019-12-22,2019-12-23
HSART-07-090-BLDG CIRC UG,79092283,assign,2019-12-22,2019-12-23
HSART-07-090-BLDG CIRC UG,60089242,assign,2019-12-22,2019-12-23
HSART-07-090-BLDG CIRC UG,95688944,assign,2019-12-22,2019-12-23
HSART-07-090-BLDG CIRC UG,49998595,assign,2019-12-22,2019-12-23
HSART-07-090-BLDG CIRC UG,75238278,assign,2019-12-22,2019-12-23
HSART-07-090-BLDG CIRC UG,83379608,assign,2019-12-22,2019-12-23
HSART-07-090-BLDG CIRC UG,46132922,assign,2019-12-22,2019-12-23
HSART-07-090-BLDG CIRC UG,38304737,assign,2019-12-22,2019-12-23
HSART-07-090-BLDG CIRC UG,63284986,assign,2019-12-22,2019-12-23
HSART-07-090-BLDG CIRC UG,25414640,assign,2019-12-22,2019-12-23
HSART-07-090-BLDG CIRC UG,55916301,assign,2019-12-22,2019-12-23
HSART-07-090-BLDG CIRC UG,91535081,assign,2019-12-22,2019-12-23
HSART-07-090-BLDG CIRC UG,09300470,assign,2019-12-22,2019-12-23
HSART-07-090-BLDG CIRC UG,91847971,assign,2019-12-22,2019-12-23
HSART-07-090-BLDG CIRC UG,24758576,assign,2019-12-22,2019-12-23
HSART-07-090-BLDG CIRC UG,35288747,assign,2019-12-22,2019-12-23
HSART-07-090-BLDG CIRC UG,22538233,assign,2019-12-22,2019-12-23
HSART-07-090-BLDG CIRC UG,42163499,assign,2019-12-22,2019-12-23
HSART-07-090-BLDG CIRC UG,70140781,assign,2019-12-22,2019-12-23
HSART-07-090-BLDG CIRC UG,78773813,assign,2019-12-22,2019-12-23
HSART-07-090-BLDG CIRC UG,18474390,assign,2019-12-22,2019-12-23
HSART-07-090-BLDG CIRC UG,72251931,assign,2019-12-22,2019-12-23
HSART-07-090-BLDG CIRC UG,56103623,assign,2019-12-22,2019-12-23
HSART-07-090-BLDG CIRC UG,22821613,assign,2019-12-22,2019-12-23
HSART-07-090-BLDG CIRC UG,35299457,assign,2019-12-22,2019-12-23
HSART-07-090-BLDG CIRC UG,71991249,assign,2019-12-22,2019-12-23
HSART-07-090-BLDG CIRC UG,28024822,assign,2019-12-22,2019-12-23
HSART-07-090-BLDG CIRC UG,11994184,assign,2019-12-22,2019-12-23
HSART-07-090-BLDG CIRC UG,42421070,assign,2019-12-22,2019-12-23
HSART-07-090-BLDG CIRC UG,07715917,assign,2019-12-22,2019-12-23
HSART-07-090-BLDG CIRC UG,02056048,assign,2019-12-22,2019-12-23
HSART-07-090-BLDG CIRC UG,40807530,assign,2019-12-22,2019-12-23
HSART-07-090-BLDG CIRC UG,34460313,assign,2019-12-22,2019-12-23
HSART-07-090-BLDG CIRC UG,80200916,assign,2019-12-22,2019-12-23
HSART-07-090-BLDG CIRC UG,66289484,assign,2019-12-22,2019-12-23
HSART-07-090-BLDG CIRC UG,01481618,assign,2019-12-22,2019-12-23
HSART-07-090-BLDG CIRC UG,96043077,assign,2019-12-22,2019-12-23
HSART-07-090-BLDG CIRC UG,78457934,assign,2019-12-22,2019-12-23
HSART-07-090-BLDG CIRC UG,16877265,assign,2019-12-22,2019-12-23
HSART-07-090-BLDG CIRC UG,47511436,assign,2019-12-22,2019-12-23
HSART-07-090-BLDG CIRC UG,73577425,assign,2019-12-22,2019-12-23
HSART-07-090-BLDG CIRC UG,82300836,assign,2019-12-22,2019-12-23
HSART-07-090-BLDG CIRC UG,31139698,assign,2019-12-22,2019-12-23
HSART-07-090-BLDG CIRC UG,34594045,assign,2019-12-22,2019-12-23
HSART-07-090-BLDG CIRC UG,73877735,assign,2019-12-22,2019-12-23
HSART-07-090-BLDG CIRC UG,53913496,assign,2019-12-22,2019-12-23
HSART-07-090-BLDG CIRC UG,10178154,assign,2019-12-22,2019-12-23
HSART-07-090-BLDG CIRC UG,20570197,assign,2019-12-22,2019-12-23
HSART-07-090-BLDG CIRC UG,62979614,assign,2019-12-22,2019-12-23
HSART-07-090-BLDG CIRC UG,62174510,assign,2019-12-22,2019-12-23
HSART-07-090-BLDG CIRC UG,35328265,assign,2019-12-22,2019-12-23
HSART-07-090-BLDG CIRC UG,10833325,assign,2019-12-22,2019-12-23
HSART-07-090-BLDG CIRC UG,89657834,assign,2019-12-22,2019-12-23
HSART-07-090-BLDG CIRC UG,69685220,assign,2019-12-22,2019-12-23
HSART-07-090-BLDG CIRC UG,79915494,assign,2019-12-22,2019-12-23
HSART-07-090-BLDG CIRC UG,94257945,assign,2019-12-22,2019-12-23
HSART-07-090-BLDG CIRC UG,41180666,assign,2019-12-22,2019-12-23
HSART-07-090-BLDG CIRC UG,22607669,assign,2019-12-22,2019-12-23
HSART-07-090-BLDG CIRC UG,15831395,assign,2019-12-22,2019-12-23
HSART-07-090-23FPROD,10128872,assign,2019-12-22,2019-12-23
HSART-07-090-23FPROD,97886511,assign,2019-12-22,2019-12-23
HSART-07-090-23FPROD,57945369,assign,2019-12-22,2019-12-23
HSART-07-090-23FPROD,17443374,assign,2019-12-22,2019-12-23
HSART-07-090-23FPROD,95117968,assign,2019-12-22,2019-12-23
HSART-07-090-23FPROD,38131374,assign,2019-12-22,2019-12-23
HSART-07-090-23FPROD,12730221,assign,2019-12-22,2019-12-23
HSART-07-090-23FPROD,97961961,assign,2019-12-22,2019-12-23
HSART-07-090-23FPROD,88548448,assign,2019-12-22,2019-12-23
HSART-07-090-23FPROD,12705573,assign,2019-12-22,2019-12-23
HSART-07-090-23FPROD,13341189,assign,2019-12-22,2019-12-23
HSART-07-090-23FPROD,14481439,assign,2019-12-22,2019-12-23
HSART-07-090-23FPROD,40354381,assign,2019-12-22,2019-12-23
HSART-07-090-23FPROD,09640510,assign,2019-12-22,2019-12-23
HSART-07-090-23FPROD,41214360,assign,2019-12-22,2019-12-23
HSART-07-090-23FPROD,62963674,assign,2019-12-22,2019-12-23
HSART-07-090-23FPROD,24176718,assign,2019-12-22,2019-12-23
HSART-07-090-23FPROD,05923639,assign,2019-12-22,2019-12-23
HSART-07-090-23FPROD,75842940,assign,2019-12-22,2019-12-23
HSART-07-090-23FPROD,79653361,assign,2019-12-22,2019-12-23
HSART-07-090-23FPROD,13543704,assign,2019-12-22,2019-12-23
HSART-07-090-23FPROD,75942863,assign,2019-12-22,2019-12-23
HSART-07-090-23FPROD,69833867,assign,2019-12-22,2019-12-23
HSART-07-090-23FPROD,69918390,assign,2019-12-22,2019-12-23
HSART-07-090-23FPROD,50533943,assign,2019-12-22,2019-12-23
HSART-07-090-23FPROD,56342843,assign,2019-12-22,2019-12-23
HSART-07-090-23FPROD,81726288,assign,2019-12-22,2019-12-23
HSART-07-090-23FPROD,33979107,assign,2019-12-22,2019-12-23
HSART-07-090-23FPROD,54960603,assign,2019-12-22,2019-12-23
HSART-07-090-23FPROD,07693788,assign,2019-12-22,2019-12-23
HSART-07-090-23FPROD,01843130,assign,2019-12-22,2019-12-23
HSART-07-090-23FPROD,15783053,assign,2019-12-22,2019-12-23
HSART-07-090-23FPROD,80070254,assign,2019-12-22,2019-12-23
HSART-07-090-23FPROD,29751348,assign,2019-12-22,2019-12-23
HSART-07-090-23FPROD,36355155,assign,2019-12-22,2019-12-23
HSART-07-090-23FPROD,92330656,assign,2019-12-22,2019-12-23
HSART-07-090-23FPROD,87357385,assign,2019-12-22,2019-12-23
HSART-07-090-23FPROD,05064107,assign,2019-12-22,2019-12-23
HSART-07-090-23FPROD,12917055,assign,2019-12-22,2019-12-23
HSART-07-090-23FPROD,46177928,assign,2019-12-22,2019-12-23
HSART-07-090-23FPROD,55389020,assign,2019-12-22,2019-12-23
HSART-07-090-23FPROD,51277422,assign,2019-12-22,2019-12-23
HSART-07-090-23FPROD,96909966,assign,2019-12-22,2019-12-23
HSART-07-090-23FPROD,51950839,assign,2019-12-22,2019-12-23
HSART-07-090-23FPROD,90546545,assign,2019-12-22,2019-12-23
HSART-07-090-23FPROD,59014506,assign,2019-12-22,2019-12-23
HSART-07-090-23FPROD,25513718,assign,2019-12-22,2019-12-23
HSART-07-090-23FPROD,97646908,assign,2019-12-22,2019-12-23
HSART-07-090-23FPROD,32445741,assign,2019-12-22,2019-12-23
HSART-07-090-23FPROD,88723567,assign,2019-12-22,2019-12-23
HSART-07-090-23FPROD,85192355,assign,2019-12-22,2019-12-23
HSART-07-090-23FPROD,88990711,assign,2019-12-22,2019-12-23
HSART-07-090-23FPROD,67803363,assign,2019-12-22,2019-12-23
HSART-07-090-23FPROD,23784153,assign,2019-12-22,2019-12-23
HSART-07-090-23FPROD,27024024,assign,2019-12-22,2019-12-23
HSART-07-090-23FPROD,18626729,assign,2019-12-22,2019-12-23
HSART-07-090-23FPROD,84782957,assign,2019-12-22,2019-12-23
HSART-07-090-23FPROD,91537622,assign,2019-12-22,2019-12-23
HSART-07-090-23FPROD,47594179,assign,2019-12-22,2019-12-23
HSART-07-090-23FPROD,57652499,assign,2019-12-22,2019-12-23
HSART-07-090-23FPROD,38523713,assign,2019-12-22,2019-12-23
HSART-07-090-23FPROD,76225148,assign,2019-12-22,2019-12-23
HSART-07-090-23FPROD,77674011,assign,2019-12-22,2019-12-23
HSART-07-090-23FPROD,27739083,assign,2019-12-22,2019-12-23
HSART-07-090-23FPROD,97430156,assign,2019-12-22,2019-12-23
HSART-07-090-23FPROD,65524172,assign,2019-12-22,2019-12-23
HSART-07-090-23FPROD,74616976,assign,2019-12-22,2019-12-23
HSART-07-090-23FPROD,63221197,assign,2019-12-22,2019-12-23
HSART-07-090-23FPROD,87124207,assign,2019-12-22,2019-12-23
HSART-07-090-23FPROD,53443141,assign,2019-12-22,2019-12-23
HSART-07-090-23FPROD,43001602,assign,2019-12-22,2019-12-23
HSART-07-090-23FPROD,80175080,assign,2019-12-22,2019-12-23
HSART-07-090-23FPROD,42092388,assign,2019-12-22,2019-12-23
HSART-07-090-23FPROD,17215053,assign,2019-12-22,2019-12-23
HSART-07-090-23FPROD,79404256,assign,2019-12-22,2019-12-23
HSART-07-090-23FPROD,05197053,assign,2019-12-22,2019-12-23
HSART-07-090-23FPROD,71404437,assign,2019-12-22,2019-12-23
HSART-07-090-23FPROD,26463615,assign,2019-12-22,2019-12-23
HSART-07-090-23FPROD,02200370,assign,2019-12-22,2019-12-23
HSART-07-090-23FPROD,80752696,assign,2019-12-22,2019-12-23
HSART-07-090-23FPROD,39764333,assign,2019-12-22,2019-12-23
HSART-07-090-23FPROD,68496030,assign,2019-12-22,2019-12-23
HSART-07-090-23FPROD,38886120,assign,2019-12-22,2019-12-23
HSART-07-090-23FPROD,95053739,assign,2019-12-22,2019-12-23
HSART-07-090-23FPROD,87957487,assign,2019-12-22,2019-12-23
HSART-07-090-23FPROD,77321640,assign,2019-12-22,2019-12-23
HSART-07-090-23FPROD,90367996,assign,2019-12-22,2019-12-23
HSART-07-090-23FPROD,97686670,assign,2019-12-22,2019-12-23
HSART-07-090-23FPROD,90332890,assign,2019-12-22,2019-12-23
HSART-07-090-23FPROD,87488268,assign,2019-12-22,2019-12-23
HSART-07-090-1FPROD,53056868,assign,2019-12-22,2019-12-23
HSART-07-090-1FPROD,73507416,assign,2019-12-22,2019-12-23
HSART-07-090-1FPROD,92539979,assign,2019-12-22,2019-12-23
HSART-07-090-1FPROD,18971799,assign,2019-12-22,2019-12-23
HSART-07-090-1FPROD,02116332,assign,2019-12-22,2019-12-23
HSART-07-090-1FPROD,03400625,assign,2019-12-22,2019-12-23
HSART-07-090-1FPROD,96737357,assign,2019-12-22,2019-12-23
HSART-07-090-1FPROD,36648290,assign,2019-12-22,2019-12-23
HSART-07-090-1FPROD,23459280,assign,2019-12-22,2019-12-23
HSART-07-090-1FPROD,12265123,assign,2019-12-22,2019-12-23
HSART-07-090-1FPROD,84655741,assign,2019-12-22,2019-12-23
HSART-07-090-1FPROD,81704535,assign,2019-12-22,2019-12-23
HSART-07-090-1FPROD,49113314,assign,2019-12-22,2019-12-23
HSART-07-090-1FPROD,54131243,assign,2019-12-22,2019-12-23
HSART-07-090-1FPROD,72374084,assign,2019-12-22,2019-12-23
HSART-07-090-1FPROD,12155327,assign,2019-12-22,2019-12-23
HSART-07-090-1FPROD,85799098,assign,2019-12-22,2019-12-23
HSART-07-090-1FPROD,10587784,assign,2019-12-22,2019-12-23
HSART-07-090-1FPROD,81788755,assign,2019-12-22,2019-12-23
HSART-07-090-1FPROD,76995921,assign,2019-12-22,2019-12-23
HSART-07-090-1FPROD,69840848,assign,2019-12-22,2019-12-23
HSART-07-090-1FPROD,08572448,assign,2019-12-22,2019-12-23
HSART-07-090-1FPROD,52070723,assign,2019-12-22,2019-12-23
HSART-07-090-1FPROD,71324598,assign,2019-12-22,2019-12-23
HSART-07-090-1FPROD,91852718,assign,2019-12-22,2019-12-23
HSART-07-090-1FPROD,77342127,assign,2019-12-22,2019-12-23
HSART-07-090-1FPROD,41508261,assign,2019-12-22,2019-12-23
HSART-07-090-1FPROD,31502843,assign,2019-12-22,2019-12-23
HSART-07-090-1FPROD,89571728,assign,2019-12-22,2019-12-23
HSART-07-090-1FPROD,70877056,assign,2019-12-22,2019-12-23
HSART-07-090-1FPROD,82563908,assign,2019-12-22,2019-12-23
HSART-07-090-1FPROD,26304435,assign,2019-12-22,2019-12-23
HSART-07-090-1FPROD,01990358,assign,2019-12-22,2019-12-23
HSART-07-090-1FPROD,74330749,assign,2019-12-22,2019-12-23
HSART-07-090-1FPROD,17063156,assign,2019-12-22,2019-12-23
HSART-07-090-1FPROD,25452471,assign,2019-12-22,2019-12-23
HSART-07-090-1FPROD,22452082,assign,2019-12-22,2019-12-23
HSART-07-090-1FPROD,10824014,assign,2019-12-22,2019-12-23
HSART-07-090-1FPROD,49624599,assign,2019-12-22,2019-12-23
HSART-07-090-DESIGN,79097652,assign,2019-12-22,2019-12-23
HSART-07-090-DESIGN,28417945,assign,2019-12-22,2019-12-23
HSART-07-090-DESIGN,62744576,assign,2019-12-22,2019-12-23
HSART-07-090-DESIGN,73036828,assign,2019-12-22,2019-12-23
HSART-07-090-DESIGN,44191765,assign,2019-12-22,2019-12-23
HSART-07-090-DESIGN,83979759,assign,2019-12-22,2019-12-23
HSART-07-090-DESIGN,67600805,assign,2019-12-22,2019-12-23
HSART-07-090-DESIGN,83308630,assign,2019-12-22,2019-12-23
HSART-07-090-DESIGN,69250786,assign,2019-12-22,2019-12-23
HSART-07-090-DESIGN,99922186,assign,2019-12-22,2019-12-23
HSART-07-090-DESIGN,05226399,assign,2019-12-22,2019-12-23
HSART-07-090-DESIGN,39359114,assign,2019-12-22,2019-12-23
HSART-07-090-DESIGN,68662065,assign,2019-12-22,2019-12-23
HSART-07-090-DESIGN,14537356,assign,2019-12-22,2019-12-23
HSART-07-090-DESIGN,31670304,assign,2019-12-22,2019-12-23
HSART-07-090-DESIGN,95707961,assign,2019-12-22,2019-12-23
HSART-07-090-DESIGN,33055304,assign,2019-12-22,2019-12-23
HSART-03-001-PROTOTYPE,66545226,assign,2019-12-22,2019-12-23
HSART-03-001-PROTOTYPE,90032704,assign,2019-12-22,2019-12-23
HSART-03-001-PROTOTYPE,17851857,assign,2019-12-22,2019-12-23
HSART-03-001-PROTOTYPE,87590407,assign,2019-12-22,2019-12-23
HSART-03-001-PROTOTYPE,89994070,assign,2019-12-22,2019-12-23
HSART-03-001-PROTOTYPE,69717499,assign,2019-12-22,2019-12-23
HSART-03-001-PROTOTYPE,52606640,assign,2019-12-22,2019-12-23
HSART-03-001-PROTOTYPE,60840648,assign,2019-12-22,2019-12-23
HSART-03-001-PROTOTYPE,44467002,assign,2019-12-22,2019-12-23
HSART-03-001-PROTOTYPE,85688194,assign,2019-12-22,2019-12-23
HSART-03-001-PROTOTYPE,22693542,assign,2019-12-22,2019-12-23
HSART-03-001-PROTOTYPE,01520590,assign,2019-12-22,2019-12-23
HSART-03-001-PROTOTYPE,28250611,assign,2019-12-22,2019-12-23
HSART-03-001-PROTOTYPE,77354068,assign,2019-12-22,2019-12-23
HSART-03-001-PROTOTYPE,49274705,assign,2019-12-22,2019-12-23
HSART-03-001-PROTOTYPE,61329091,assign,2019-12-22,2019-12-23
HSART-03-001-PROTOTYPE,08317607,assign,2019-12-22,2019-12-23
HSART-03-001-PROTOTYPE,62173244,assign,2019-12-22,2019-12-23
HSART-03-001-AG BASEMENT,05306165,assign,2019-12-22,2019-12-23
HSART-03-001-AG BASEMENT,91467787,assign,2019-12-22,2019-12-23
HSART-03-001-AG BASEMENT,09127852,assign,2019-12-22,2019-12-23
HSART-03-001-AG BASEMENT,90290240,assign,2019-12-22,2019-12-23
HSART-03-001-AG BASEMENT,46293220,assign,2019-12-22,2019-12-23
HSART-03-001-AG BASEMENT,29490110,assign,2019-12-22,2019-12-23
HSART-03-001-AG BASEMENT,57019021,assign,2019-12-22,2019-12-23
HSART-03-001-AG BASEMENT,95729087,assign,2019-12-22,2019-12-23
HSART-03-001-AG BASEMENT,69626626,assign,2019-12-22,2019-12-23
HSART-03-001-AG BASEMENT,17655342,assign,2019-12-22,2019-12-23
HSART-03-001-AG BASEMENT,96972935,assign,2019-12-22,2019-12-23
HSART-03-001-AG BASEMENT,07806588,assign,2019-12-22,2019-12-23
HSART-03-001-AG BASEMENT,87172096,assign,2019-12-22,2019-12-23
HSART-03-001-AG BASEMENT,70994147,assign,2019-12-22,2019-12-23
HSART-07-090-DESIGN,25763150,assign,2019-12-22,2019-12-23
HSART-07-090-DESIGN,63784223,assign,2019-12-22,2019-12-23
HSART-07-090-DESIGN,03737928,assign,2019-12-22,2019-12-23
HSART-07-090-DESIGN,50323174,assign,2019-12-22,2019-12-23
HSART-07-090-DESIGN,56201478,assign,2019-12-22,2019-12-23
HSART-07-090-DESIGN,28114714,assign,2019-12-22,2019-12-23
HSART-07-090-DESIGN,90521978,assign,2019-12-22,2019-12-23
HSART-07-090-23FPROD,16246896,assign,2019-12-22,2019-12-23
HSART-07-090-23FPROD,16051402,assign,2019-12-22,2019-12-23
HSART-07-090-23FPROD,19640091,assign,2019-12-22,2019-12-23
HSART-07-090-23FPROD,63984957,assign,2019-12-22,2019-12-23
HSART-07-090-23FPROD,97722069,assign,2019-12-22,2019-12-23
HSART-07-090-23FPROD,43285763,assign,2019-12-22,2019-12-23
HSART-07-090-23FPROD,04957051,assign,2019-12-22,2019-12-23
HSART-07-090-23FPROD,64510706,assign,2019-12-22,2019-12-23
HSART-07-090-23FPROD,92652748,assign,2019-12-22,2019-12-23
HSART-07-090-23FPROD,50712001,assign,2019-12-22,2019-12-23
HSART-07-090-23FPROD,67223512,assign,2019-12-22,2019-12-23
HSART-07-090-23FPROD,78822430,assign,2019-12-22,2019-12-23
HSART-07-090-23FPROD,48567602,assign,2019-12-22,2019-12-23
HSART-07-090-23FPROD,93432967,assign,2019-12-22,2019-12-23
HSART-07-090-23FPROD,54235631,assign,2019-12-22,2019-12-23
HSART-07-090-23FPROD,04352794,assign,2019-12-22,2019-12-23
HSART-07-090-23FPROD,08109376,assign,2019-12-22,2019-12-23
HSART-07-090-23FPROD,99128650,assign,2019-12-22,2019-12-23
HSART-07-090-23FPROD,06767220,assign,2019-12-22,2019-12-23
HSART-07-090-23FPROD,95249662,assign,2019-12-22,2019-12-23
HSART-07-090-23FPROD,60012631,assign,2019-12-22,2019-12-23
HSART-07-090-23FPROD,13565277,assign,2019-12-22,2019-12-23
HSART-07-090-23FPROD,46577233,assign,2019-12-22,2019-12-23
HSART-07-090-23FPROD,42981961,assign,2019-12-22,2019-12-23
HSART-07-090-23FPROD,03671550,assign,2019-12-22,2019-12-23
HSART-07-090-23FPROD,33991924,assign,2019-12-22,2019-12-23
HSART-07-090-23FPROD,11686739,assign,2019-12-22,2019-12-23
HSART-07-090-23FPROD,83626386,assign,2019-12-22,2019-12-23
HSART-07-090-23FPROD,19993965,assign,2019-12-22,2019-12-23
HSART-07-090-23FPROD,65937263,assign,2019-12-22,2019-12-23
HSART-07-090-23FPROD,39612381,assign,2019-12-22,2019-12-23
HSART-07-090-23FPROD,16915694,assign,2019-12-22,2019-12-23
HSART-07-090-23FPROD,31705591,assign,2019-12-22,2019-12-23
HSART-07-090-23FPROD,42588068,assign,2019-12-22,2019-12-23
HSART-07-090-23FPROD,30331230,assign,2019-12-22,2019-12-23
HSART-07-090-23FPROD,52934823,assign,2019-12-22,2019-12-23
HSART-07-090-23FPROD,57401389,assign,2019-12-22,2019-12-23
HSART-07-090-23FPROD,81484699,assign,2019-12-22,2019-12-23
HSART-07-090-23FPROD,22882548,assign,2019-12-22,2019-12-23
HSART-07-090-23FPROD,75228990,assign,2019-12-22,2019-12-23
HSART-07-090-23FPROD,19374895,assign,2019-12-22,2019-12-23
HSART-07-090-23FPROD,20449835,assign,2019-12-22,2019-12-23
HSART-07-090-23FPROD,85317370,assign,2019-12-22,2019-12-23
HSART-07-090-23FPROD,96682207,assign,2019-12-22,2019-12-23
HSART-07-090-23FPROD,87757815,assign,2019-12-22,2019-12-23
HSART-07-090-23FPROD,68305167,assign,2019-12-22,2019-12-23
HSART-07-090-23FPROD,18642205,assign,2019-12-22,2019-12-23
HSART-03-001-PROTOTYPE,79417506,assign,2019-12-22,2019-12-23
HSART-03-001-PROTOTYPE,00971937,assign,2019-12-22,2019-12-23
HSART-03-001-PROTOTYPE,66958135,assign,2019-12-22,2019-12-23
HSART-03-001-PROTOTYPE,67680492,assign,2019-12-22,2019-12-23
HSART-03-001-PROTOTYPE,92639538,assign,2019-12-22,2019-12-23
HSART-03-001-PROTOTYPE,56737399,assign,2019-12-22,2019-12-23
HSART-03-001-PROTOTYPE,43574280,assign,2019-12-22,2019-12-23
HSART-03-001-PROTOTYPE,84971508,assign,2019-12-22,2019-12-23
HSART-03-001-PROTOTYPE,18240442,assign,2019-12-22,2019-12-23
HSART-03-001-PROTOTYPE,63480176,assign,2019-12-22,2019-12-23
HSART-03-001-PROTOTYPE,16495455,assign,2019-12-22,2019-12-23
HSART-03-001-AG BASEMENT,63584569,assign,2019-12-22,2019-12-23
HSART-03-001-AG BASEMENT,26550600,assign,2019-12-22,2019-12-23
HSART-03-001-AG BASEMENT,44565790,assign,2019-12-22,2019-12-23
HSART-03-001-AG BASEMENT,71891351,assign,2019-12-22,2019-12-23
HSART-03-001-AG BASEMENT,36045654,assign,2019-12-22,2019-12-23
HSART-03-001-AG BASEMENT,02085528,assign,2019-12-22,2019-12-23
HSART-03-001-AG BASEMENT,39448339,assign,2019-12-22,2019-12-23
HSART-03-001-AG BASEMENT,78448940,assign,2019-12-22,2019-12-23
HSART-03-001-AG BASEMENT,20649148,assign,2019-12-22,2019-12-23
HSART-03-001-AG BASEMENT,28024822,assign,2019-12-22,2019-12-23
HSART-03-001-AG BASEMENT,11994184,assign,2019-12-22,2019-12-23
HSART-03-001-AG BASEMENT,42421070,assign,2019-12-22,2019-12-23
HSART-03-001-AG BASEMENT,07715917,assign,2019-12-22,2019-12-23
HSART-03-001-AG BASEMENT,02056048,assign,2019-12-22,2019-12-23
HSART-03-001-AG BASEMENT,05496219,assign,2019-12-22,2019-12-23
HSART-03-001-AG BASEMENT,18640813,assign,2019-12-22,2019-12-23
HSART-03-001-AG BASEMENT,08727438,assign,2019-12-22,2019-12-23
HSART-03-001-AG BASEMENT,24191684,assign,2019-12-22,2019-12-23
HSART-03-001-AG BASEMENT,42503600,assign,2019-12-22,2019-12-23
HSART-03-001-AG BASEMENT,62703239,assign,2019-12-22,2019-12-23
HSART-03-001-AG BASEMENT,28704360,assign,2019-12-22,2019-12-23
HSART-03-001-AG BASEMENT,46975963,assign,2019-12-22,2019-12-23
HSART-03-001-AG BASEMENT,84458299,assign,2019-12-22,2019-12-23
HSART-03-001-AG BASEMENT,54746331,assign,2019-12-22,2019-12-23
HSART-03-001-AG BASEMENT,43601184,assign,2019-12-22,2019-12-23
HSART-03-001-AG BASEMENT,85949795,assign,2019-12-22,2019-12-23
HSART-03-001-AG BASEMENT,19045134,assign,2019-12-22,2019-12-23
